{"Version":1,"ManifestType":"Publish","Endpoints":[{"Route":"css/forgotPassword.css","AssetFile":"css/forgotPassword.css","Selectors":[],"ResponseHeaders":[{"Name":"Accept-Ranges","Value":"bytes"},{"Name":"Cache-Control","Value":"no-cache"},{"Name":"Content-Length","Value":"2112"},{"Name":"Content-Type","Value":"text/css"},{"Name":"ETag","Value":"\"GoQ8LNo1VGtEPBimZFnJmlHqX2S8/AiE1JhJajqFwDw=\""},{"Name":"Last-Modified","Value":"Wed, 26 Nov 2025 20:26:40 GMT"}],"EndpointProperties":[{"Name":"integrity","Value":"sha256-GoQ8LNo1VGtEPBimZFnJmlHqX2S8/AiE1JhJajqFwDw="}]},{"Route":"css/forgotPassword.iexoprskos.css","AssetFile":"css/forgotPassword.css","Selectors":[],"ResponseHeaders":[{"Name":"Accept-Ranges","Value":"bytes"},{"Name":"Cache-Control","Value":"max-age=31536000, immutable"},{"Name":"Content-Length","Value":"2112"},{"Name":"Content-Type","Value":"text/css"},{"Name":"ETag","Value":"\"GoQ8LNo1VGtEPBimZFnJmlHqX2S8/AiE1JhJajqFwDw=\""},{"Name":"Last-Modified","Value":"Wed, 26 Nov 2025 20:26:40 GMT"}],"EndpointProperties":[{"Name":"fingerprint","Value":"iexoprskos"},{"Name":"integrity","Value":"sha256-GoQ8LNo1VGtEPBimZFnJmlHqX2S8/AiE1JhJajqFwDw="},{"Name":"label","Value":"css/forgotPassword.css"}]},{"Route":"css/login.css","AssetFile":"css/login.css","Selectors":[],"ResponseHeaders":[{"Name":"Accept-Ranges","Value":"bytes"},{"Name":"Cache-Control","Value":"no-cache"},{"Name":"Content-Length","Value":"2372"},{"Name":"Content-Type","Value":"text/css"},{"Name":"ETag","Value":"\"2zDzicAK0K7h0/euWLrHTwGvKNlB6pRzu/VM3Ltoy5U=\""},{"Name":"Last-Modified","Value":"Wed, 26 Nov 2025 20:26:40 GMT"}],"EndpointProperties":[{"Name":"integrity","Value":"sha256-2zDzicAK0K7h0/euWLrHTwGvKNlB6pRzu/VM3Ltoy5U="}]},{"Route":"css/login.x9ky838zwr.css","AssetFile":"css/login.css","Selectors":[],"ResponseHeaders":[{"Name":"Accept-Ranges","Value":"bytes"},{"Name":"Cache-Control","Value":"max-age=31536000, immutable"},{"Name":"Content-Length","Value":"2372"},{"Name":"Content-Type","Value":"text/css"},{"Name":"ETag","Value":"\"2zDzicAK0K7h0/euWLrHTwGvKNlB6pRzu/VM3Ltoy5U=\""},{"Name":"Last-Modified","Value":"Wed, 26 Nov 2025 20:26:40 GMT"}],"EndpointProperties":[{"Name":"fingerprint","Value":"x9ky838zwr"},{"Name":"integrity","Value":"sha256-2zDzicAK0K7h0/euWLrHTwGvKNlB6pRzu/VM3Ltoy5U="},{"Name":"label","Value":"css/login.css"}]},{"Route":"css/register.css","AssetFile":"css/register.css","Selectors":[],"ResponseHeaders":[{"Name":"Accept-Ranges","Value":"bytes"},{"Name":"Cache-Control","Value":"no-cache"},{"Name":"Content-Length","Value":"2290"},{"Name":"Content-Type","Value":"text/css"},{"Name":"ETag","Value":"\"193TflwhkfCnMwNKEcsO5YQbsvhcHZFM6b+NFAxuoRc=\""},{"Name":"Last-Modified","Value":"Wed, 26 Nov 2025 20:26:40 GMT"}],"EndpointProperties":[{"Name":"integrity","Value":"sha256-193TflwhkfCnMwNKEcsO5YQbsvhcHZFM6b+NFAxuoRc="}]},{"Route":"css/register.xmj7bidueg.css","AssetFile":"css/register.css","Selectors":[],"ResponseHeaders":[{"Name":"Accept-Ranges","Value":"bytes"},{"Name":"Cache-Control","Value":"max-age=31536000, immutable"},{"Name":"Content-Length","Value":"2290"},{"Name":"Content-Type","Value":"text/css"},{"Name":"ETag","Value":"\"193TflwhkfCnMwNKEcsO5YQbsvhcHZFM6b+NFAxuoRc=\""},{"Name":"Last-Modified","Value":"Wed, 26 Nov 2025 20:26:40 GMT"}],"EndpointProperties":[{"Name":"fingerprint","Value":"xmj7bidueg"},{"Name":"integrity","Value":"sha256-193TflwhkfCnMwNKEcsO5YQbsvhcHZFM6b+NFAxuoRc="},{"Name":"label","Value":"css/register.css"}]},{"Route":"css/site.4hhrrcyjgk.css","AssetFile":"css/site.css","Selectors":[],"ResponseHeaders":[{"Name":"Accept-Ranges","Value":"bytes"},{"Name":"Cache-Control","Value":"max-age=31536000, immutable"},{"Name":"Content-Length","Value":"1975"},{"Name":"Content-Type","Value":"text/css"},{"Name":"ETag","Value":"\"OBy2stK49hp5DWBwO2Cn/kjqjw76w5k8wlW8iy5r0zY=\""},{"Name":"Last-Modified","Value":"Wed, 26 Nov 2025 20:26:40 GMT"}],"EndpointProperties":[{"Name":"fingerprint","Value":"4hhrrcyjgk"},{"Name":"integrity","Value":"sha256-OBy2stK49hp5DWBwO2Cn/kjqjw76w5k8wlW8iy5r0zY="},{"Name":"label","Value":"css/site.css"}]},{"Route":"css/site.css","AssetFile":"css/site.css","Selectors":[],"ResponseHeaders":[{"Name":"Accept-Ranges","Value":"bytes"},{"Name":"Cache-Control","Value":"no-cache"},{"Name":"Content-Length","Value":"1975"},{"Name":"Content-Type","Value":"text/css"},{"Name":"ETag","Value":"\"OBy2stK49hp5DWBwO2Cn/kjqjw76w5k8wlW8iy5r0zY=\""},{"Name":"Last-Modified","Value":"Wed, 26 Nov 2025 20:26:40 GMT"}],"EndpointProperties":[{"Name":"integrity","Value":"sha256-OBy2stK49hp5DWBwO2Cn/kjqjw76w5k8wlW8iy5r0zY="}]},{"Route":"js/buscarCep.e4rkrnp5ko.js","AssetFile":"js/buscarCep.js","Selectors":[],"ResponseHeaders":[{"Name":"Accept-Ranges","Value":"bytes"},{"Name":"Cache-Control","Value":"max-age=31536000, immutable"},{"Name":"Content-Length","Value":"1293"},{"Name":"Content-Type","Value":"text/javascript"},{"Name":"ETag","Value":"\"Tk3r0jKJkR9WWVHW+/2veFcVWusqPINE80oebPKabC4=\""},{"Name":"Last-Modified","Value":"Wed, 26 Nov 2025 20:26:40 GMT"}],"EndpointProperties":[{"Name":"fingerprint","Value":"e4rkrnp5ko"},{"Name":"integrity","Value":"sha256-Tk3r0jKJkR9WWVHW+/2veFcVWusqPINE80oebPKabC4="},{"Name":"label","Value":"js/buscarCep.js"}]},{"Route":"js/buscarCep.js","AssetFile":"js/buscarCep.js","Selectors":[],"ResponseHeaders":[{"Name":"Accept-Ranges","Value":"bytes"},{"Name":"Cache-Control","Value":"no-cache"},{"Name":"Content-Length","Value":"1293"},{"Name":"Content-Type","Value":"text/javascript"},{"Name":"ETag","Value":"\"Tk3r0jKJkR9WWVHW+/2veFcVWusqPINE80oebPKabC4=\""},{"Name":"Last-Modified","Value":"Wed, 26 Nov 2025 20:26:40 GMT"}],"EndpointProperties":[{"Name":"integrity","Value":"sha256-Tk3r0jKJkR9WWVHW+/2veFcVWusqPINE80oebPKabC4="}]},{"Route":"js/maskCep.8ugsd8k77e.js","AssetFile":"js/maskCep.js","Selectors":[],"ResponseHeaders":[{"Name":"Accept-Ranges","Value":"bytes"},{"Name":"Cache-Control","Value":"max-age=31536000, immutable"},{"Name":"Content-Length","Value":"1739"},{"Name":"Content-Type","Value":"text/javascript"},{"Name":"ETag","Value":"\"QJG2e6+y2oQkJR8y+fUuhyHIJz0/03d1e0+O+eFxlAo=\""},{"Name":"Last-Modified","Value":"Wed, 26 Nov 2025 20:26:40 GMT"}],"EndpointProperties":[{"Name":"fingerprint","Value":"8ugsd8k77e"},{"Name":"integrity","Value":"sha256-QJG2e6+y2oQkJR8y+fUuhyHIJz0/03d1e0+O+eFxlAo="},{"Name":"label","Value":"js/maskCep.js"}]},{"Route":"js/maskCep.js","AssetFile":"js/maskCep.js","Selectors":[],"ResponseHeaders":[{"Name":"Accept-Ranges","Value":"bytes"},{"Name":"Cache-Control","Value":"no-cache"},{"Name":"Content-Length","Value":"1739"},{"Name":"Content-Type","Value":"text/javascript"},{"Name":"ETag","Value":"\"QJG2e6+y2oQkJR8y+fUuhyHIJz0/03d1e0+O+eFxlAo=\""},{"Name":"Last-Modified","Value":"Wed, 26 Nov 2025 20:26:40 GMT"}],"EndpointProperties":[{"Name":"integrity","Value":"sha256-QJG2e6+y2oQkJR8y+fUuhyHIJz0/03d1e0+O+eFxlAo="}]},{"Route":"js/maskCpf.3rmcolpye6.js","AssetFile":"js/maskCpf.js","Selectors":[],"ResponseHeaders":[{"Name":"Accept-Ranges","Value":"bytes"},{"Name":"Cache-Control","Value":"max-age=31536000, immutable"},{"Name":"Content-Length","Value":"560"},{"Name":"Content-Type","Value":"text/javascript"},{"Name":"ETag","Value":"\"0WU9AGRtCKa32bvLdkm2g+z6f3MNaZGnJ8PeelYTkQ8=\""},{"Name":"Last-Modified","Value":"Wed, 26 Nov 2025 20:26:40 GMT"}],"EndpointProperties":[{"Name":"fingerprint","Value":"3rmcolpye6"},{"Name":"integrity","Value":"sha256-0WU9AGRtCKa32bvLdkm2g+z6f3MNaZGnJ8PeelYTkQ8="},{"Name":"label","Value":"js/maskCpf.js"}]},{"Route":"js/maskCpf.js","AssetFile":"js/maskCpf.js","Selectors":[],"ResponseHeaders":[{"Name":"Accept-Ranges","Value":"bytes"},{"Name":"Cache-Control","Value":"no-cache"},{"Name":"Content-Length","Value":"560"},{"Name":"Content-Type","Value":"text/javascript"},{"Name":"ETag","Value":"\"0WU9AGRtCKa32bvLdkm2g+z6f3MNaZGnJ8PeelYTkQ8=\""},{"Name":"Last-Modified","Value":"Wed, 26 Nov 2025 20:26:40 GMT"}],"EndpointProperties":[{"Name":"integrity","Value":"sha256-0WU9AGRtCKa32bvLdkm2g+z6f3MNaZGnJ8PeelYTkQ8="}]}]}